<items gfxroot="gfx/items/" version="1" deathanm2="gfx/death items.anm2">
    <active name="DUKE'S GULLET" description="Full of flies" gfx="dukes_gullet.png" id="0" maxcharges="1" tags="offensive" quality="3" />
    <active name="Duke's Gullet" description="Full of flies" gfx="dukes_gullet.png" id="1" maxcharges="0" tags="offensive" quality="0" hidden="true" />
    <active name="Fiendish Swarm" description="Heart attack" gfx="fiendish_swarm.png" id="2" maxcharges="2" tags="fly offensive" quality="3" />
    <active name="Duke Flute" description="Political Favor" gfx="duke_flute.png" id="3" maxcharges="6" tags="offensive" quality="3" />
    <passive name="The Princes" description="Your loyal court" gfx="the_princes.png" id="4" tags="fly offensive summonable" quality="1" />
    <passive name="Queen Fly" description="Command your troops" gfx="queen_fly.png" id="5" tags="fly offensive summonable" quality="4" />
    <passive name="Super Infestation" description="Royal parasite" gfx="super_infestation.png" id="6" tags="fly nolostbr summonable" quality="4" />
    <passive name="Ultra Heart Fly" description="He does it all!" gfx="ultra_heart_fly.png" id="9" tags="fly offensive summonable" quality="2" />
    <familiar name="Lil Duke" description="Humble beginnings" gfx="lil_duke.png" id="7" tags="monstermanual offensive summonable" quality="2" />
    <familiar name="Sharty McFly" description="What's he eating?" gfx="sharty_mcfly.png" id="8" tags="fly monstermanual poop offensive summonable" quality="2" />
    <trinket name="Duke's Tooth" description="Attracts flies" gfx="dukes_tooth.png" />
    <trinket name="Infested Heart" description="It's buzzing..." gfx="infested_heart.png" />
    <trinket name="Pocket of Flies" description="Beelzebub's currency" gfx="pocket_of_flies.png" />
    <active name="ROTTEN GULLET" description="Full of spiders" gfx="rotten_gullet.png" id="10" maxcharges="2" tags="offensive" quality="3" />
    <active name="Rotten Gullet" description="Full of spiders" gfx="rotten_gullet.png" id="11" maxcharges="0" tags="offensive" quality="0" hidden="true" />
    <familiar name="Lil Husk" description="Reanimated monarch" gfx="lil_husk.png" id="12" tags="monstermanual offensive summonable" quality="3" />
    <passive name="Duke of Eyes" description="They're in there" gfx="duke_of_eyes.png" id="13" tags="offensive summonable" quality="4" />
    <familiar name="The Invader" description="Monster possessor" gfx="the_invader.png" id="14" tags="spider offensive monstermanual summonable" quality="2" />
    <trinket name="Mosquito" description="Full of blood" gfx="mosquito.png" />
</items>
